;Fecha;Ronda;Equipo Local;Resultado Local;Equipo Visitante;Resultado Visitante;Cancha;Condición;URL;Competición
0;1913-08-24;Fecha 11;Boca;1;River;2;Racing Club;L;partido/boca-1-river-2-campeonato-1913/3184/1913/1000/10.html;Campeonato 1913
1;1914-10-25;Fecha 13;River;0;Boca;0;Ferro Carril Oeste;V;partido/river-0-boca-0-campeonato-1914/3202/1914/1001/14.html;Campeonato 1914
2;1915-05-02;Primera Fase. Partido Único;Boca;1;River;1;Boca Juniors;L;partido/boca-1-river-1-copa-competencia-1915/4994/1915/77/1.html;Copa Competencia 1915
3;1915-05-09;Primera Fase. Partido Desempate;River;4;Boca;2;Gimnasia y Esgrima (Buenos Aires);V;partido/river-4-boca-2-copa-competencia-1915/4995/1915/77/2.html;Copa Competencia 1915
4;1915-06-20;Fecha 8;Boca;0;River;2;Boca Juniors;L;partido/boca-0-river-2-campeonato-1915/3225/1915/1023/8.html;Campeonato 1915
5;1916-12-10;Fecha 21;River;2;Boca;1;Racing Club;V;partido/river-2-boca-1-campeonato-1916/3262/1916/1003/21.html;Campeonato 1916
6;1917-06-24;Fecha 9;River;2;Boca;2;Racing Club;V;partido/river-2-boca-2-campeonato-1917/3272/1917/1004/9.html;Campeonato 1917
7;1918-08-30;Octavos de Final. Partido Único;Boca;0;River;1;Racing Club;N;partido/boca-0-river-1-copa-competencia-1918/5015/1918/76/3.html;Copa Competencia 1918
8;1918-09-18;Fecha 16;River;0;Boca;1;Racing Club;V;partido/river-0-boca-1-campeonato-1918/3300/1918/1004/16.html;Campeonato 1918
9;1919-07-27;Fecha 4;Boca;0;River;0;Boca Juniors;L;partido/boca-0-river-0-campeonato-anulado-1919/5185/1919/1015/4.html;Campeonato Anulado 1919
10;1927-12-04;Fecha 33;Boca;1;River;0;Boca Juniors;L;partido/boca-1-river-0-campeonato-1927/4813/1927/1011/29.html;Campeonato 1927
11;1928-12-23;Fecha 27;Boca;6;River;0;Boca Juniors;L;partido/boca-6-river-0-campeonato-1928/4838/1928/1012/20.html;Campeonato 1928
12;1930-05-04;Fecha 7;River;3;Boca;2;River Plate;V;partido/river-3-boca-2-campeonato-1930/4878/1930/1012/5.html;Campeonato 1930
13;1931-09-20;Fecha 17;Boca;1;River;0;Boca Juniors;L;partido/boca-1-river-0-campeonato-1931/17/1931/1/17.html;Campeonato 1931
14;1932-01-06;Fecha 34;River;0;Boca;3;River Plate;V;partido/river-0-boca-3-campeonato-1931/34/1931/1/34.html;Campeonato 1931
15;1932-06-19;Fecha 15;River;1;Boca;1;River Plate;V;partido/river-1-boca-1-campeonato-1932/49/1932/1/15.html;Campeonato 1932
16;1932-10-30;Fecha 32;Boca;2;River;1;Boca Juniors;L;partido/boca-2-river-1-campeonato-1932/66/1932/1/32.html;Campeonato 1932
17;1933-07-02;Fecha 17;Boca;1;River;1;Boca Juniors;L;partido/boca-1-river-1-campeonato-1933/85/1933/1/17.html;Campeonato 1933
18;1933-11-19;Fecha 34;River;3;Boca;1;River Plate;V;partido/river-3-boca-1-campeonato-1933/102/1933/1/34.html;Campeonato 1933
19;1934-06-17;Fecha 12;Boca;4;River;1;Boca Juniors;L;partido/boca-4-river-1-campeonato-1934/114/1934/2/12.html;Campeonato 1934
20;1934-09-16;Fecha 25;River;0;Boca;1;River Plate;V;partido/river-0-boca-1-campeonato-1934/127/1934/2/25.html;Campeonato 1934
21;1934-11-04;Fecha 32;Boca;2;River;0;Boca Juniors;L;partido/boca-2-river-0-campeonato-1934/134/1934/2/32.html;Campeonato 1934
22;1935-04-21;Fecha 5;Boca;1;River;0;Boca Juniors;L;partido/boca-1-river-0-campeonato-1935/146/1935/1/5.html;Campeonato 1935
23;1935-09-01;Fecha 22;River;1;Boca;1;River Plate;V;partido/river-1-boca-1-campeonato-1935/163/1935/1/22.html;Campeonato 1935
24;1936-04-19;Fecha 3;Boca;2;River;3;Boca Juniors;L;partido/boca-2-river-3-copa-de-honor-1936/178/1936/3/3.html;Copa De Honor 1936
25;1936-08-30;Fecha 3;River;2;Boca;1;River Plate;V;partido/river-2-boca-1-copa-campeonato-1936/195/1936/4/3.html;Copa Campeonato 1936
26;1936-08-30;Fecha 3;River;2;Boca;1;River Plate;V;partido/river-2-boca-1-copa-campeonato-1936/195/1936/4/3.html;Campeonato 1936
27;1937-08-08;Fecha 16;Boca;2;River;1;San Lorenzo de Almagro;L;partido/boca-2-river-1-campeonato-1937/225/1937/1/16.html;Campeonato 1937
28;1937-12-12;Fecha 33;River;3;Boca;2;San Lorenzo de Almagro;V;partido/river-3-boca-2-campeonato-1937/242/1937/1/33.html;Campeonato 1937
29;1938-04-10;Fecha 2;Boca;1;River;2;Boca Juniors;L;partido/boca-1-river-2-campeonato-1938/245/1938/7/2.html;Campeonato 1938
30;1938-09-04;Fecha 19;River;2;Boca;2;River Plate;V;partido/river-2-boca-2-campeonato-1938/262/1938/7/18.html;Campeonato 1938
31;1939-02-11;Desempate 1er. Puesto 1ra. Rueda;Boca;3;River;5;San Lorenzo de Almagro;N;partido/boca-3-river-5-desempate-1er-puesto-1ra-rueda-1937/3883/1937/47/1.html;Desempate 1er. Puesto 1ra. Rueda 1937
32;1939-06-11;Fecha 13;River;0;Boca;2;River Plate;V;partido/river-0-boca-2-campeonato-1939/290/1939/1/13.html;Campeonato 1939
33;1939-11-05;Fecha 30;Boca;1;River;2;San Lorenzo de Almagro;L;partido/boca-1-river-2-campeonato-1939/307/1939/1/30.html;Campeonato 1939
34;1940-06-30;Fecha 12;Boca;3;River;1;Boca Juniors;L;partido/boca-3-river-1-campeonato-1940/322/1940/7/11.html;Campeonato 1940
35;1940-11-17;Fecha 29;River;1;Boca;1;River Plate;V;partido/river-1-boca-1-campeonato-1940/338/1940/7/27.html;Campeonato 1940
36;1941-06-29;Fecha 14;Boca;2;River;1;Boca Juniors;L;partido/boca-2-river-1-campeonato-1941/357/1941/5/14.html;Campeonato 1941
37;1941-10-19;Fecha 29;River;5;Boca;1;River Plate;V;partido/river-5-boca-1-campeonato-1941/372/1941/5/29.html;Campeonato 1941
38;1942-07-19;Fecha 13;River;4;Boca;0;River Plate;V;partido/river-4-boca-0-campeonato-1942/386/1942/5/13.html;Campeonato 1942
39;1942-11-08;Fecha 28;Boca;2;River;2;Boca Juniors;L;partido/boca-2-river-2-campeonato-1942/401/1942/5/28.html;Campeonato 1942
40;1942-12-01;Semifinales. Partido Único;Boca;0 (2);River;0 (3);River Plate;N;partido/boca-0-2-river-0-3-copa-adrian-escobar-1942/3215/1942/64/2.html;Copa Adrian Escobar 1942
41;1943-05-16;Fecha 5;River;3;Boca;1;River Plate;V;partido/river-3-boca-1-campeonato-1943/408/1943/5/5.html;Campeonato 1943
42;1943-09-26;Fecha 20;Boca;2;River;1;Boca Juniors;L;partido/boca-2-river-1-campeonato-1943/423/1943/5/20.html;Campeonato 1943
43;1944-05-14;Fecha 5;Boca;1;River;1;Boca Juniors;L;partido/boca-1-river-1-campeonato-1944/438/1944/5/5.html;Campeonato 1944
44;1944-09-03;Fecha 20;River;0;Boca;1;River Plate;V;partido/river-0-boca-1-campeonato-1944/453/1944/5/20.html;Campeonato 1944
45;1945-07-29;Fecha 13;River;1;Boca;0;River Plate;V;partido/river-1-boca-0-campeonato-1945/476/1945/5/13.html;Campeonato 1945
46;1945-11-18;Fecha 28;Boca;4;River;1;Boca Juniors;L;partido/boca-4-river-1-campeonato-1945/491/1945/5/28.html;Campeonato 1945
47;1946-06-30;Fecha 10;River;2;Boca;0;River Plate;V;partido/river-2-boca-0-campeonato-1946/503/1946/5/10.html;Campeonato 1946
48;1946-08-15;Semifinales. Partido Único;Boca;2;River;0;San Lorenzo de Almagro;N;partido/boca-2-river-0-copa-competencia-britanica-1946/3205/1946/93/3.html;Copa Competencia Britanica 1946
49;1946-10-27;Fecha 25;Boca;2;River;0;Boca Juniors;L;partido/boca-2-river-0-campeonato-1946/518/1946/5/25.html;Campeonato 1946
50;1947-04-27;Fecha 3;Boca;2;River;0;Boca Juniors;L;partido/boca-2-river-0-campeonato-1947/526/1947/5/3.html;Campeonato 1947
51;1947-08-24;Fecha 18;River;2;Boca;1;River Plate;V;partido/river-2-boca-1-campeonato-1947/541/1947/5/18.html;Campeonato 1947
52;1948-08-01;Fecha 14;Boca;1;River;2;Boca Juniors;L;partido/boca-1-river-2-campeonato-1948/567/1948/5/14.html;Campeonato 1948
53;1948-12-08;Fecha 29;River;1;Boca;1;River Plate;V;partido/river-1-boca-1-campeonato-1948/582/1948/5/29.html;Campeonato 1948
54;1949-07-31;Fecha 13;River;1;Boca;0;River Plate;V;partido/river-1-boca-0-campeonato-1949/596/1949/1/13.html;Campeonato 1949
55;1949-11-13;Fecha 30;Boca;2;River;0;Boca Juniors;L;partido/boca-2-river-0-campeonato-1949/613/1949/1/29.html;Campeonato 1949
56;1950-06-11;Fecha 10;River;1;Boca;0;River Plate;V;partido/river-1-boca-0-campeonato-1950/627/1950/6/10.html;Campeonato 1950
57;1950-10-12;Fecha 27;Boca;1;River;2;Boca Juniors;L;partido/boca-1-river-2-campeonato-1950/644/1950/6/27.html;Campeonato 1950
58;1951-07-15;Fecha 14;River;1;Boca;0;River Plate;V;partido/river-1-boca-0-campeonato-1951/668/1951/7/13.html;Campeonato 1951
59;1951-11-01;Fecha 31;Boca;0;River;3;Boca Juniors;L;partido/boca-0-river-3-campeonato-1951/685/1951/7/29.html;Campeonato 1951
60;1952-06-08;Fecha 10;Boca;2;River;1;Boca Juniors;L;partido/boca-2-river-1-campeonato-1952/697/1952/5/9.html;Campeonato 1952
61;1952-11-08;Fecha 25;River;3;Boca;1;River Plate;V;partido/river-3-boca-1-campeonato-1952/713/1952/5/25.html;Campeonato 1952
62;1953-07-19;Fecha 12;River;2;Boca;3;River Plate;V;partido/river-2-boca-3-campeonato-1953/730/1953/5/12.html;Campeonato 1953
63;1953-11-01;Fecha 27;Boca;1;River;0;Boca Juniors;L;partido/boca-1-river-0-campeonato-1953/745/1953/5/27.html;Campeonato 1953
64;1954-07-18;Fecha 13;Boca;0;River;1;Boca Juniors;L;partido/boca-0-river-1-campeonato-1954/761/1954/5/13.html;Campeonato 1954
65;1954-10-31;Fecha 28;River;3;Boca;0;River Plate;V;partido/river-3-boca-0-campeonato-1954/776/1954/5/28.html;Campeonato 1954
66;1955-08-17;Fecha 14;River;0;Boca;4;Racing Club;V;partido/river-0-boca-4-campeonato-1955/792/1955/5/14.html;Campeonato 1955
67;1955-12-08;Fecha 29;Boca;1;River;2;Boca Juniors;L;partido/boca-1-river-2-campeonato-1955/807/1955/5/29.html;Campeonato 1955
68;1956-04-22;Fecha 2;River;2;Boca;1;River Plate;V;partido/river-2-boca-1-campeonato-1956/810/1956/5/2.html;Campeonato 1956
69;1956-09-09;Fecha 17;Boca;2;River;1;Boca Juniors;L;partido/boca-2-river-1-campeonato-1956/3066/1956/5/17.html;Campeonato 1956
70;1957-07-21;Fecha 10;Boca;2;River;2;Boca Juniors;L;partido/boca-2-river-2-campeonato-1957/834/1957/5/10.html;Campeonato 1957
71;1957-11-24;Fecha 25;River;5;Boca;3;River Plate;V;partido/river-5-boca-3-campeonato-1957/849/1957/5/25.html;Campeonato 1957
72;1958-09-28;Fecha 14;River;2;Boca;2;River Plate;V;partido/river-2-boca-2-campeonato-1958/868/1958/7/14.html;Campeonato 1958
73;1958-12-20;Fecha 29;Boca;2;River;2;Huracán;L;partido/boca-2-river-2-campeonato-1958/883/1958/7/29.html;Campeonato 1958
74;1959-05-19;Fecha 3;Boca;5;River;1;Boca Juniors;L;partido/boca-5-river-1-campeonato-1959/889/1959/5/3.html;Campeonato 1959
75;1959-09-06;Fecha 18;River;2;Boca;3;River Plate;V;partido/river-2-boca-3-campeonato-1959/904/1959/5/18.html;Campeonato 1959
76;1960-04-17;Fecha 3;River;1;Boca;1;River Plate;V;partido/river-1-boca-1-campeonato-1960/919/1960/5/3.html;Campeonato 1960
77;1960-09-11;Fecha 18;Boca;3;River;1;Boca Juniors;L;partido/boca-3-river-1-campeonato-1960/934/1960/5/18.html;Campeonato 1960
78;1961-08-06;Fecha 12;River;2;Boca;2;River Plate;V;partido/river-2-boca-2-campeonato-1961/958/1961/5/12.html;Campeonato 1961
79;1961-11-12;Fecha 27;Boca;3;River;1;Boca Juniors;L;partido/boca-3-river-1-campeonato-1961/973/1961/5/27.html;Campeonato 1961
80;1962-08-26;Fecha 14;River;3;Boca;1;River Plate;V;partido/river-3-boca-1-campeonato-1962/990/1962/49/13.html;Campeonato 1962
81;1962-12-09;Fecha 29;Boca;1;River;0;Boca Juniors;L;partido/boca-1-river-0-campeonato-1962/1005/1962/49/27.html;Campeonato 1962
82;1963-07-28;Fecha 12;Boca;2;River;0;Boca Juniors;L;partido/boca-2-river-0-campeonato-1963/1018/1963/8/12.html;Campeonato 1963
83;1963-11-17;Fecha 25;River;0;Boca;1;River Plate;V;partido/river-0-boca-1-campeonato-1963/1031/1963/8/25.html;Campeonato 1963
84;1964-08-16;Fecha 14;River;0;Boca;0;River Plate;V;partido/river-0-boca-0-campeonato-1964/1056/1964/5/16.html;Campeonato 1964
85;1964-11-29;Fecha 29;Boca;1;River;1;Boca Juniors;L;partido/boca-1-river-1-campeonato-1964/1069/1964/5/29.html;Campeonato 1964
86;1965-07-04;Fecha 15;River;1;Boca;2;River Plate;V;partido/river-1-boca-2-campeonato-1965/1085/1965/1/15.html;Campeonato 1965
87;1965-12-08;Fecha 32;Boca;2;River;1;Boca Juniors;L;partido/boca-2-river-1-campeonato-1965/1102/1965/1/32.html;Campeonato 1965
88;1966-02-10;Primera Fase. Partido 1;River;2;Boca;1;River Plate;V;partido/river-2-boca-1-copa-libertadores-1966/1152/1966/102/1.html;Libertadores 1966
89;1966-03-24;Primera Fase. Partido 10;Boca;2;River;0;Boca Juniors;L;partido/boca-2-river-0-copa-libertadores-1966/1161/1966/102/10.html;Libertadores 1966
90;1966-04-03;Fecha 5;Boca;1;River;3;Boca Juniors;L;partido/boca-1-river-3-campeonato-1966/1116/1966/9/5.html;Campeonato 1966
91;1966-04-14;Semifinales. Partido 3;River;2;Boca;2;River Plate;V;partido/river-2-boca-2-copa-libertadores-1966/1164/1966/102/13.html;Libertadores 1966
92;1966-05-04;Semifinales. Partido 6;Boca;1;River;0;Boca Juniors;L;partido/boca-1-river-0-copa-libertadores-1966/1167/1966/102/16.html;Libertadores 1966
93;1966-08-21;Fecha 24;River;2;Boca;0;River Plate;V;partido/river-2-boca-0-campeonato-1966/1135/1966/9/24.html;Campeonato 1966
94;1967-04-23;Interzonal. Partido 8;Boca;0;River;0;Boca Juniors;L;partido/boca-0-river-0-torneo-metropolitano-1967/1173/1967/10/8.html;Torneo Metropolitano 1967
95;1967-07-08;Interzonal. Partido 19;River;1;Boca;0;River Plate;V;partido/river-1-boca-0-torneo-metropolitano-1967/1184/1967/10/19.html;Torneo Metropolitano 1967
96;1967-11-26;Fecha 12;River;0;Boca;1;River Plate;V;partido/river-0-boca-1-torneo-nacional-1967/1199/1967/11/12.html;Torneo Nacional 1967
97;1968-04-07;Interzonal. Partido 6;Boca;1;River;1;Boca Juniors;L;partido/boca-1-river-1-torneo-metropolitano-1968/1208/1968/10/6.html;Torneo Metropolitano 1968
98;1968-06-23;Interzonal. Partido 17;River;0;Boca;0;River Plate;V;partido/river-0-boca-0-torneo-metropolitano-1968/1219/1968/10/17.html;Torneo Metropolitano 1968
99;1968-10-27;Fecha 8;Boca;3;River;1;Boca Juniors;L;partido/boca-3-river-1-torneo-nacional-1968/1231/1968/11/7.html;Torneo Nacional 1968
100;1969-03-02;Interzonal. Partido 2;Boca;1;River;1;Boca Juniors;L;partido/boca-1-river-1-torneo-metropolitano-1969/1241/1969/12/2.html;Torneo Metropolitano 1969
101;1969-05-04;Interzonal. Partido 13;River;2;Boca;0;River Plate;V;partido/river-2-boca-0-torneo-metropolitano-1969/1251/1969/12/12.html;Torneo Metropolitano 1969
102;1969-07-03;Semifinales. Partido único;Boca;0;River;0;Racing Club;N;partido/boca-0-river-0-torneo-metropolitano-1969/1262/1969/12/23.html;Torneo Metropolitano 1969
103;1969-12-14;Fecha 17;River;2;Boca;2;River Plate;V;partido/river-2-boca-2-torneo-nacional-1969/1279/1969/13/17.html;Torneo Nacional 1969
104;1970-02-17;Primera Fase. Partido 1;River;1;Boca;3;River Plate;V;partido/river-1-boca-3-copa-libertadores-1970/1323/1970/103/1.html;Libertadores 1970
105;1970-03-19;Primera Fase. Partido 6;Boca;2;River;1;Boca Juniors;L;partido/boca-2-river-1-copa-libertadores-1970/1328/1970/103/6.html;Libertadores 1970
106;1970-04-16;Segunda Fase. Partido 2;River;1;Boca;0;River Plate;V;partido/river-1-boca-0-copa-libertadores-1970/1330/1970/103/8.html;Libertadores 1970
107;1970-04-30;Segunda Fase. Partido 4;Boca;1;River;1;Boca Juniors;L;partido/boca-1-river-1-copa-libertadores-1970/1332/1970/103/10.html;Libertadores 1970
108;1970-06-14;Fecha 15;Boca;1;River;0;Boca Juniors;L;partido/boca-1-river-0-torneo-metropolitano-1970/1293/1970/14/13.html;Torneo Metropolitano 1970
109;1970-09-27;Interzonal. Partido 4;River;2;Boca;1;River Plate;V;partido/river-2-boca-1-torneo-nacional-1970/1304/1970/15/4.html;Torneo Nacional 1970
110;1970-11-14;Interzonal. Partido 14;Boca;0;River;0;Boca Juniors;L;partido/boca-0-river-0-torneo-nacional-1970/1314/1970/15/14.html;Torneo Nacional 1970
111;1971-03-10;Fecha 2;Boca;1;River;2;Racing Club;L;partido/boca-1-river-2-torneo-metropolitano-1971/1334/1971/43/2.html;Torneo Metropolitano 1971
112;1971-06-10;Fecha 21;River;3;Boca;3;Racing Club;V;partido/river-3-boca-3-torneo-metropolitano-1971/1352/1971/43/19.html;Torneo Metropolitano 1971
113;1971-11-27;Interzonal. Partido 11;Boca;1;River;3;Racing Club;N;partido/boca-1-river-3-torneo-nacional-1971/1381/1971/45/10.html;Torneo Nacional 1971
114;1972-03-12;Fecha 3;River;0;Boca;4;River Plate;V;partido/river-0-boca-4-torneo-metropolitano-1972/1405/1972/18/3.html;Torneo Metropolitano 1972
115;1972-06-18;Fecha 20;Boca;2;River;2;Boca Juniors;L;partido/boca-2-river-2-torneo-metropolitano-1972/1422/1972/18/20.html;Torneo Metropolitano 1972
116;1972-10-15;Interzonal. Partido 1;Boca;4;River;5;Vélez Sársfield;N;partido/boca-4-river-5-torneo-nacional-1972/1389/1972/17/1.html;Torneo Nacional 1972
117;1972-12-13;Semifinales. Partido único;Boca;2;River;3;Vélez Sársfield;N;partido/boca-2-river-3-torneo-nacional-1972/1402/1972/17/14.html;Torneo Nacional 1972
118;1973-03-04;Fecha 1;River;2;Boca;1;River Plate;V;partido/river-2-boca-1-torneo-metropolitano-1973/1452/1973/51/1.html;Torneo Metropolitano 1973
119;1973-06-27;Fecha 18;Boca;5;River;2;Boca Juniors;L;partido/boca-5-river-2-torneo-metropolitano-1973/1469/1973/51/17.html;Torneo Metropolitano 1973
120;1973-11-11;Interzonal. Partido 9;Boca;0;River;1;Vélez Sársfield;N;partido/boca-0-river-1-torneo-nacional-1973/1445/1973/11/9.html;Torneo Nacional 1973
121;1974-02-03;Interzonal. Partido 1;Boca;5;River;2;Boca Juniors;L;partido/boca-5-river-2-torneo-metropolitano-1974/1486/1974/10/1.html;Torneo Metropolitano 1974
122;1974-03-31;Interzonal. Partido 10;River;3;Boca;1;River Plate;V;partido/river-3-boca-1-torneo-metropolitano-1974/1495/1974/10/10.html;Torneo Metropolitano 1974
123;1974-08-25;Interzonal. Partido 6;Boca;1;River;0;Boca Juniors;L;partido/boca-1-river-0-torneo-nacional-1974/1512/1974/19/6.html;Torneo Nacional 1974
124;1974-11-03;Interzonal. Partido 15;River;1;Boca;1;River Plate;V;partido/river-1-boca-1-torneo-nacional-1974/1521/1974/19/15.html;Torneo Nacional 1974
125;1975-04-17;Fecha 15;Boca;1;River;2;Boca Juniors;L;partido/boca-1-river-2-torneo-metropolitano-1975/1546/1975/16/15.html;Torneo Metropolitano 1975
126;1975-07-27;Fecha 34;River;0;Boca;1;River Plate;V;partido/river-0-boca-1-torneo-metropolitano-1975/1565/1975/16/34.html;Torneo Metropolitano 1975
127;1975-09-21;Interzonal. Partido 1;Boca;1;River;2;Boca Juniors;L;partido/boca-1-river-2-torneo-nacional-1975/1570/1975/20/1.html;Torneo Nacional 1975
128;1975-10-26;Interzonal. Partido 9;River;1;Boca;2;River Plate;V;partido/river-1-boca-2-torneo-nacional-1975/1578/1975/20/9.html;Torneo Nacional 1975
129;1976-02-18;Interzonal. Partido 2;River;0;Boca;0;River Plate;V;partido/river-0-boca-0-torneo-metropolitano-1976/1587/1976/21/2.html;Torneo Metropolitano 1976
130;1976-04-18;Interzonal. Partido 13;Boca;0;River;1;Boca Juniors;L;partido/boca-0-river-1-torneo-metropolitano-1976/1598/1976/21/13.html;Torneo Metropolitano 1976
131;1976-07-25;Ronda Final. Partido 8;Boca;1;River;1;Huracán;N;partido/boca-1-river-1-torneo-metropolitano-1976/1615/1976/21/30.html;Torneo Metropolitano 1976
132;1976-09-26;Interzonal. Partido 3;Boca;1;River;1;Boca Juniors;L;partido/boca-1-river-1-torneo-nacional-1976/1621/1976/22/3.html;Torneo Nacional 1976
133;1976-11-14;Interzonal. Partido 11;River;0;Boca;2;River Plate;V;partido/river-0-boca-2-torneo-nacional-1976/1629/1976/22/11.html;Torneo Nacional 1976
134;1976-12-22;Final. Partido único;Boca;1;River;0;Racing Club;N;partido/boca-1-river-0-torneo-nacional-1976/1638/1976/22/20.html;Torneo Nacional 1976
135;1977-03-09;Primera Fase. Partido 1;Boca;1;River;0;Boca Juniors;L;partido/boca-1-river-0-copa-libertadores-1977/1699/1977/105/1.html;Libertadores 1977
136;1977-05-18;Primera Fase. Partido 6;River;0;Boca;0;Huracán;V;partido/river-0-boca-0-copa-libertadores-1977/1704/1977/105/6.html;Libertadores 1977
137;1977-08-14;Fecha 22;River;1;Boca;1;Huracán;V;partido/river-1-boca-1-torneo-metropolitano-1977/1674/1977/23/21.html;Torneo Metropolitano 1977
138;1977-11-09;Fecha 45;Boca;1;River;2;Boca Juniors;L;partido/boca-1-river-2-torneo-metropolitano-1977/1697/1977/23/43.html;Torneo Metropolitano 1977
139;1978-07-12;Fecha 17;Boca;1;River;0;Boca Juniors;L;partido/boca-1-river-0-torneo-metropolitano-1978/1742/1978/24/17.html;Torneo Metropolitano 1978
140;1978-09-19;Semifinales. Partido 1;Boca;0;River;0;Boca Juniors;L;partido/boca-0-river-0-copa-libertadores-1978/1768/1978/104/1.html;Libertadores 1978
141;1978-10-15;Fecha 38;River;1;Boca;0;River Plate;V;partido/river-1-boca-0-torneo-metropolitano-1978/1763/1978/24/37.html;Torneo Metropolitano 1978
142;1978-10-17;Semifinales. Partido 4;River;0;Boca;2;River Plate;V;partido/river-0-boca-2-copa-libertadores-1978/1771/1978/104/4.html;Libertadores 1978
143;1979-09-23;Interzonal. Partido 4;River;1;Boca;1;River Plate;V;partido/river-1-boca-1-torneo-nacional-1979/1782/1979/17/4.html;Torneo Nacional 1979
144;1979-11-11;Interzonal. Partido 11;Boca;1;River;1;Boca Juniors;L;partido/boca-1-river-1-torneo-nacional-1979/1788/1979/17/11.html;Torneo Nacional 1979
145;1980-03-02;Fecha 4;Boca;2;River;5;Boca Juniors;L;partido/boca-2-river-5-torneo-metropolitano-1980/1821/1980/43/4.html;Torneo Metropolitano 1980
146;1980-06-15;Fecha 23;River;2;Boca;1;River Plate;V;partido/river-2-boca-1-torneo-metropolitano-1980/1840/1980/43/22.html;Torneo Metropolitano 1980
147;1980-09-21;Interzonal. Partido 3;River;2;Boca;2;River Plate;V;partido/river-2-boca-2-torneo-nacional-1980/1858/1980/17/3.html;Torneo Nacional 1980
148;1980-11-02;Interzonal. Partido 10;Boca;1;River;0;Boca Juniors;L;partido/boca-1-river-0-torneo-nacional-1980/1865/1980/17/10.html;Torneo Nacional 1980
149;1981-04-10;Fecha 10;Boca;3;River;0;Boca Juniors;L;partido/boca-3-river-0-torneo-metropolitano-1981/1879/1981/18/10.html;Torneo Metropolitano 1981
150;1981-07-05;Fecha 27;River;1;Boca;1;River Plate;V;partido/river-1-boca-1-torneo-metropolitano-1981/1896/1981/18/27.html;Torneo Metropolitano 1981
151;1981-09-27;Interzonal. Partido 3;Boca;2;River;3;Boca Juniors;L;partido/boca-2-river-3-torneo-nacional-1981/1906/1981/20/3.html;Torneo Nacional 1981
152;1981-11-01;Interzonal. Partido 10;River;2;Boca;2;River Plate;V;partido/river-2-boca-2-torneo-nacional-1981/1913/1981/20/10.html;Torneo Nacional 1981
153;1982-03-07;Interzonal. Partido 5;River;1;Boca;5;River Plate;V;partido/river-1-boca-5-torneo-nacional-1982/1962/1982/20/5.html;Torneo Nacional 1982
154;1982-04-25;Interzonal. Partido 13;Boca;0;River;0;Boca Juniors;L;partido/boca-0-river-0-torneo-nacional-1982/1970/1982/20/13.html;Torneo Nacional 1982
155;1982-08-05;Primera Fase. Partido 2;Boca;0;River;0;Boca Juniors;L;partido/boca-0-river-0-copa-libertadores-1982/1975/1982/104/2.html;Libertadores 1982
156;1982-09-19;Fecha 12;River;1;Boca;1;River Plate;V;partido/river-1-boca-1-torneo-metropolitano-1982/1931/1982/43/11.html;Torneo Metropolitano 1982
157;1982-09-30;Primera Fase. Partido 6;River;1;Boca;0;River Plate;V;partido/river-1-boca-0-copa-libertadores-1982/1979/1982/104/6.html;Libertadores 1982
158;1982-12-22;Fecha 31;Boca;0;River;2;Boca Juniors;L;partido/boca-0-river-2-torneo-metropolitano-1982/1950/1982/43/29.html;Torneo Metropolitano 1982
159;1983-10-05;Fecha 5;River;1;Boca;2;River Plate;V;partido/river-1-boca-2-torneo-metropolitano-1983/1999/1983/43/19.html;Torneo Metropolitano 1983
160;1983-10-19;Fecha 24;Boca;1;River;0;Vélez Sársfield;L;partido/boca-1-river-0-torneo-metropolitano-1983/2003/1983/43/23.html;Torneo Metropolitano 1983
161;1984-06-24;Fecha 13;Boca;1;River;1;River Plate;L;partido/boca-1-river-1-torneo-metropolitano-1984/2044/1984/43/12.html;Torneo Metropolitano 1984
162;1984-11-11;Fecha 32;River;4;Boca;1;River Plate;V;partido/river-4-boca-1-torneo-metropolitano-1984/2062/1984/43/28.html;Torneo Metropolitano 1984
163;1985-10-27;Fecha 17;River;1;Boca;0;River Plate;V;partido/river-1-boca-0-temporada-1985-86/2102/1986/28/16.html;Temporada 1985 86
164;1986-04-06;Fecha 36;Boca;0;River;2;Boca Juniors;L;partido/boca-0-river-2-temporada-1985-86/2121/1986/28/34.html;Temporada 1985 86
165;1986-07-09;Primera Fase. Partido 1;Boca;1;River;1;Boca Juniors;L;partido/boca-1-river-1-copa-libertadores-1986/2132/1986/104/1.html;Libertadores 1986
166;1986-08-20;Primera Fase. Partido 6;River;1;Boca;0;River Plate;V;partido/river-1-boca-0-copa-libertadores-1986/2137/1986/104/6.html;Libertadores 1986
167;1986-11-02;Fecha 17;Boca;1;River;0;Boca Juniors;L;partido/boca-1-river-0-temporada-1986-87/2154/1987/30/17.html;Temporada 1986 87
168;1987-04-13;Fecha 36;River;1;Boca;1;River Plate;V;partido/river-1-boca-1-temporada-1986-87/2173/1987/30/36.html;Temporada 1986 87
169;1987-11-22;Fecha 15;River;3;Boca;2;River Plate;V;partido/river-3-boca-2-temporada-1987-88/2196/1988/32/15.html;Temporada 1987 88
170;1988-04-30;Fecha 34;Boca;2;River;2;Boca Juniors;L;partido/boca-2-river-2-temporada-1987-88/2215/1988/32/34.html;Temporada 1987 88
171;1988-09-18;Fecha 2;River;0;Boca;2;River Plate;V;partido/river-0-boca-2-temporada-1988-89/2232/1989/34/2.html;Temporada 1988 89
172;1989-02-05;Fecha 21;Boca;0 (3);River;0 (4);Boca Juniors;L;partido/boca-0-3-river-0-4-temporada-1988-89/2251/1989/34/21.html;Temporada 1988 89
173;1989-07-19;Final de Perdedores. Partido de Ida;River;0;Boca;0;River Plate;V;partido/river-0-boca-0-liguilla-1988-89/2275/1989/35/7.html;Liguilla 1988 89
174;1989-07-24;Final de Perdedores. Partido de Vuelta;Boca;0;River;0;Boca Juniors;L;partido/boca-0-river-0-liguilla-1988-89/2276/1989/35/8.html;Liguilla 1988 89
175;1989-07-27;Final de Perdedores. Desempate;Boca;1;River;2;Vélez Sársfield;N;partido/boca-1-river-2-liguilla-1988-89/2277/1989/35/9.html;Liguilla 1988 89
176;1989-09-06;Fecha 2;Boca;1;River;0;Boca Juniors;L;partido/boca-1-river-0-temporada-1989-90/2295/1990/36/3.html;Temporada 1989 90
177;1990-02-02;Fecha 21;River;1;Boca;1;River Plate;V;partido/river-1-boca-1-temporada-1989-90/2313/1990/36/20.html;Temporada 1989 90
178;1990-09-23;Fecha 6;River;2.0;Boca;0.0;River Plate;V;partido/river-2-boca-0-torneo-apertura-1990/2340/1990/41/6.html;Torneo Apertura 1990
179;1991-02-27;Primera Fase. Partido 1;Boca;4;River;3;Boca Juniors;L;partido/boca-4-river-3-copa-libertadores-1991/2403/1991/107/1.html;Libertadores 1991
180;1991-03-20;Primera Fase. Partido 4;River;0;Boca;2;River Plate;V;partido/river-0-boca-2-copa-libertadores-1991/2406/1991/107/4.html;Libertadores 1991
181;1991-03-31;Fecha 6;Boca;1;River;0;Boca Juniors;L;partido/boca-1-river-0-torneo-clausura-1991/2389/1991/42/6.html;Torneo Clausura 1991
182;1991-11-10;Fecha 11;Boca;0;River;0;Boca Juniors;L;partido/boca-0-river-0-torneo-apertura-1991/2375/1991/41/11.html;Torneo Apertura 1991
183;1992-05-03;Fecha 11;River;2;Boca;2;River Plate;V;partido/river-2-boca-2-torneo-clausura-1992/2448/1992/42/11.html;Torneo Clausura 1992
184;1992-10-11;Fecha 10;Boca;1;River;0;Boca Juniors;L;partido/boca-1-river-0-torneo-apertura-1992/2428/1992/41/10.html;Torneo Apertura 1992
185;1993-04-11;Fecha 10;River;0;Boca;2;River Plate;V;partido/river-0-boca-2-torneo-clausura-1993/2489/1993/42/10.html;Torneo Clausura 1993
186;1993-07-03;Primera Fase. Partido de Ida;Boca;0;River;0;Boca Juniors;L;partido/boca-0-river-0-copa-centenario-1993/3122/1993/91/1.html;Copa Centenario 1993
187;1993-07-18;Primera Fase. Partido de Vuelta;River;1;Boca;0;Vélez Sársfield;V;partido/river-1-boca-0-copa-centenario-1993/3123/1993/91/2.html;Copa Centenario 1993
188;1993-10-17;Fecha 6;River;0;Boca;1;River Plate;V;partido/river-0-boca-1-torneo-apertura-1993/2466/1993/41/6.html;Torneo Apertura 1993
189;1994-04-30;Fecha 6;Boca;0;River;2;Boca Juniors;L;partido/boca-0-river-2-torneo-clausura-1994/2529/1994/42/6.html;Torneo Clausura 1994
190;1994-10-06;Cuartos de final. Partido de Ida;River;0;Boca;0;River Plate;V;partido/river-0-boca-0-supercopa-1994/2551/1994/202/3.html;Supercopa 1994
191;1994-10-13;Cuartos de final. Partido de Vuelta;Boca;1 (5);River;1 (4);Boca Juniors;L;partido/boca-1-5-river-1-4-supercopa-1994/2552/1994/202/4.html;Supercopa 1994
192;1994-12-11;Fecha 18;Boca;0;River;3;Boca Juniors;L;partido/boca-0-river-3-torneo-apertura-1994/2521/1994/41/17.html;Torneo Apertura 1994
193;1995-06-18;Fecha 18;River;2;Boca;4;River Plate;V;partido/river-2-boca-4-torneo-clausura-1995/2593/1995/42/18.html;Torneo Clausura 1995
194;1995-11-26;Fecha 16;River;0;Boca;0;River Plate;V;partido/river-0-boca-0-torneo-apertura-1995/2572/1995/41/16.html;Torneo Apertura 1995
195;1996-07-14;Fecha 16;Boca;4;River;1;Boca Juniors;L;partido/boca-4-river-1-torneo-clausura-1996/2633/1996/42/16.html;Torneo Clausura 1996
196;1996-09-29;Fecha 6;Boca;3;River;2;Boca Juniors;L;partido/boca-3-river-2-torneo-apertura-1996/2604/1996/41/6.html;Torneo Apertura 1996
197;1997-03-23;Fecha 6;River;3;Boca;3;River Plate;V;partido/river-3-boca-3-torneo-clausura-1997/2667/1997/42/6.html;Torneo Clausura 1997
198;1997-10-25;Fecha 10;River;1;Boca;2;River Plate;V;partido/river-1-boca-2-torneo-apertura-1997/2652/1997/41/10.html;Torneo Apertura 1997
199;1998-04-11;Fecha 10;Boca;3;River;2;Boca Juniors;L;partido/boca-3-river-2-torneo-clausura-1998/2715/1998/42/10.html;Torneo Clausura 1998
200;1998-10-25;Fecha 12;River;0;Boca;0;River Plate;V;partido/river-0-boca-0-torneo-apertura-1998/2698/1998/41/12.html;Torneo Apertura 1998
201;1999-05-09;Fecha 12;Boca;2;River;1;Boca Juniors;L;partido/boca-2-river-1-torneo-clausura-1999/2763/1999/42/12.html;Torneo Clausura 1999
202;1999-10-17;Fecha 11;River;2;Boca;0;River Plate;V;partido/river-2-boca-0-torneo-apertura-1999/2743/1999/41/11.html;Torneo Apertura 1999
203;2000-05-14;Fecha 11;Boca;1;River;1;Boca Juniors;L;partido/boca-1-river-1-torneo-clausura-2000/2806/2000/42/11.html;Torneo Clausura 2000
204;2000-05-17;Cuartos de Final. Partido de Ida;River;2;Boca;1;River Plate;V;partido/river-2-boca-1-copa-libertadores-2000/2824/2000/109/9.html;Libertadores 2000
205;2000-05-24;Cuartos de Final. Partido de Vuelta;Boca;3;River;0;Boca Juniors;L;partido/boca-3-river-0-copa-libertadores-2000/2825/2000/109/10.html;Libertadores 2000
206;2000-10-15;Fecha 10;River;1;Boca;1;River Plate;V;partido/river-1-boca-1-torneo-apertura-2000/2787/2000/41/11.html;Torneo Apertura 2000
207;2001-04-08;Fecha 10;Boca;3;River;0;Boca Juniors;L;partido/boca-3-river-0-torneo-clausura-2001/2867/2001/42/10.html;Torneo Clausura 2001
208;2001-09-16;Fecha 6;River;1;Boca;1;River Plate;V;partido/river-1-boca-1-torneo-apertura-2001/2844/2001/41/6.html;Torneo Apertura 2001
209;2002-03-10;Fecha 6;Boca;0;River;3;Boca Juniors;L;partido/boca-0-river-3-torneo-clausura-2002/2922/2002/42/6.html;Torneo Clausura 2002
210;2002-10-27;Fecha 14;River;1;Boca;2;River Plate;V;partido/river-1-boca-2-torneo-apertura-2002/2911/2002/41/14.html;Torneo Apertura 2002
211;2003-06-01;Fecha 14;Boca;2;River;2;Boca Juniors;L;partido/boca-2-river-2-torneo-clausura-2003/2980/2003/42/14.html;Torneo Clausura 2003
212;2003-11-09;Fecha 14;River;0;Boca;2;River Plate;V;partido/river-0-boca-2-torneo-apertura-2003/2961/2003/41/14.html;Torneo Apertura 2003
213;2004-05-16;Fecha 14;Boca;0;River;1;Boca Juniors;L;partido/boca-0-river-1-torneo-clausura-2004/3037/2004/42/14.html;Torneo Clausura 2004
214;2004-06-10;Semifinales. Partido de Ida;Boca;1;River;0;Boca Juniors;L;partido/boca-1-river-0-copa-libertadores-2004/3053/2004/109/11.html;Libertadores 2004
215;2004-06-17;Semifinales. Partido de Vuelta;River;2 (4);Boca;1 (5);River Plate;V;partido/river-2-4-boca-1-5-copa-libertadores-2004/3054/2004/109/12.html;Libertadores 2004
216;2004-11-07;Fecha 14;River;2;Boca;0;River Plate;V;partido/river-2-boca-0-torneo-apertura-2004/3018/2004/41/14.html;Torneo Apertura 2004
217;2005-05-22;Fecha 14;Boca;2;River;1;Boca Juniors;L;partido/boca-2-river-1-torneo-clausura-2005/3141/2005/42/14.html;Torneo Clausura 2005
218;2005-10-16;Fecha 11;River;0;Boca;0;River Plate;V;partido/river-0-boca-0-torneo-apertura-2005/3172/2005/41/11.html;Torneo Apertura 2005
219;2006-03-26;Fecha 11;Boca;1;River;1;Boca Juniors;L;partido/boca-1-river-1-torneo-clausura-2006/5192/2006/42/11.html;Torneo Clausura 2006
220;2006-10-08;Fecha 10;River;3;Boca;1;River Plate;V;partido/river-3-boca-1-torneo-apertura-2006/5267/2006/44/9.html;Torneo Apertura 2006
221;2007-04-15;Fecha 10;Boca;1;River;1;Boca Juniors;L;partido/boca-1-river-1-torneo-clausura-2007/5499/2007/42/10.html;Torneo Clausura 2007
222;2007-10-07;Fecha 13;River;2;Boca;0;River Plate;V;partido/river-2-boca-0-torneo-apertura-2007/5551/2007/41/13.html;Torneo Apertura 2007
223;2008-05-04;Fecha 13;Boca;1;River;0;Boca Juniors;L;partido/boca-1-river-0-torneo-clausura-2008/5596/2008/42/13.html;Torneo Clausura 2008
224;2008-10-19;Fecha 10;River;0;Boca;1;River Plate;V;partido/river-0-boca-1-torneo-apertura-2008/5626/2008/46/10.html;Torneo Apertura 2008
225;2009-04-19;Fecha 10;Boca;1;River;1;Boca Juniors;L;partido/boca-1-river-1-torneo-clausura-2009/5661/2009/42/10.html;Torneo Clausura 2009
226;2009-10-25;Fecha 10;River;1;Boca;1;River Plate;V;partido/river-1-boca-1-torneo-apertura-2009/5692/2009/41/10.html;Torneo Apertura 2009
227;2010-03-25;Fecha 10;Boca;2;River;0;Boca Juniors;L;partido/boca-2-river-0-torneo-clausura-2010/5715/2010/42/10.html;Torneo Clausura 2010
228;2010-11-16;Fecha 14;River;1;Boca;0;River Plate;V;partido/river-1-boca-0-torneo-apertura-2010/5751/2010/41/14.html;Torneo Apertura 2010
229;2011-05-15;Fecha 14;Boca;2;River;0;Boca Juniors;L;partido/boca-2-river-0-torneo-clausura-2011/5774/2011/42/14.html;Torneo Clausura 2011
230;2012-10-28;Fecha 12;River;2;Boca;2;River Plate;V;partido/river-2-boca-2-torneo-inicial-2012/5878/2012/48/12.html;Torneo Inicial 2012
231;2013-05-05;Fecha 12;Boca;1;River;1;Boca Juniors;L;partido/boca-1-river-1-torneo-final-2013/5911/2013/50/12.html;Torneo Final 2013
232;2013-10-06;Fecha 10;River;0;Boca;1;River Plate;V;partido/river-0-boca-1-torneo-inicial-2013/5935/2013/48/10.html;Torneo Inicial 2013
233;2014-03-30;Fecha 10;Boca;1;River;2;Boca Juniors;L;partido/boca-1-river-2-torneo-final-2014/5959/2014/50/10.html;Torneo Final 2014
234;2014-10-05;Fecha 10;River;1;Boca;1;River Plate;V;partido/river-1-boca-1-campeonato-2014/5984/2014/54/10.html;Campeonato 2014
235;2014-11-20;Semifinales. Partido de Ida;Boca;0;River;0;Boca Juniors;L;partido/boca-0-river-0-copa-sudamericana-2014/5995/2014/454/7.html;Copa Sudamericana 2014
236;2014-11-27;Semifinales. Partido de Vuelta;River;1;Boca;0;River Plate;V;partido/river-1-boca-0-copa-sudamericana-2014/5997/2014/454/8.html;Copa Sudamericana 2014
237;2015-05-03;Fecha 11;Boca;2;River;0;Boca Juniors;L;partido/boca-2-river-0-campeonato-2015/6022/2015/5/11.html;Campeonato 2015
238;2015-05-07;Octavos de Final. Partido de Ida;River;1;Boca;0;River Plate;V;partido/river-1-boca-0-copa-libertadores-2015/6023/2015/100/7.html;Libertadores 2015
239;2015-05-14;Octavos de Final. Partido de Vuelta;Boca;0;River;0;Boca Juniors;L;partido/boca-0-river-0-copa-libertadores-2015/6025/2015/100/8.html;Libertadores 2015
240;2015-09-13;Fecha 24;River;0;Boca;1;River Plate;V;partido/river-0-boca-1-campeonato-2015/6043/2015/5/24.html;Campeonato 2015
241;2016-03-06;Fecha 6;River;0;Boca;0;River Plate;V;partido/river-0-boca-0-campeonato-2016/6070/2016/53/6.html;Campeonato 2016
242;2016-04-24;Fecha 12;Boca;0;River;0;Boca Juniors;L;partido/boca-0-river-0-campeonato-2016/6080/2016/53/12.html;Campeonato 2016
243;2016-12-11;Fecha 13;River;2;Boca;4;River Plate;V;partido/river-2-boca-4-campeonato-2016-2017/6113/2017/56/13.html;Campeonato 20162017
244;2017-05-14;Fecha 24;Boca;1;River;3;Boca Juniors;L;partido/boca-1-river-3-campeonato-2016-2017/6130/2017/56/24.html;Campeonato 20162017
245;2017-11-05;Fecha 8;River;1;Boca;2;River Plate;V;partido/river-1-boca-2-superliga-2017-2018/6153/2018/57/8.html;Superliga 20172018
246;2018-03-14;Final. Partido Único;Boca;0;River;2;Malvinas Argentinas (Mendoza);N;partido/boca-0-river-2-supercopa-argentina-2018/6169/2018/90/1.html;Supercopa Argentina 2018
247;2018-09-23;Fecha 6;Boca;0;River;2;Boca Juniors;L;partido/boca-0-river-2-superliga-2018-2019/6198/2019/58/6.html;Superliga 20182019
248;2018-11-11;Final. Partido de Ida;Boca;2;River;2;Boca Juniors;L;partido/boca-2-river-2-copa-libertadores-2018/6208/2018/109/13.html;Libertadores 2018
249;2018-12-09;Final. Partido de Vuelta;River;3;Boca;1;Real Madrid (España);V;partido/river-3-boca-1-copa-libertadores-2018/6211/2018/109/14.html;Libertadores 2018
250;2019-09-01;Fecha 5;River;0;Boca;0;River Plate;V;partido/river-0-boca-0-superliga-2019-2020/6253/2020/55/5.html;Superliga 20192020
251;2019-10-01;Semifinales. Partido de Ida;River;2;Boca;0;River Plate;V;partido/river-2-boca-0-copa-libertadores-2019/6257/2019/111/11.html;Libertadores 2019
252;2019-10-22;Semifinales. Partido de Vuelta;Boca;1;River;0;Boca Juniors;L;partido/boca-1-river-0-copa-libertadores-2019/6260/2019/111/12.html;Libertadores 2019
253;2021-01-02;Fase Campeonato. Partido 4;Boca;2;River;2;Boca Juniors;L;partido/boca-2-river-2-copa-diego-maradona-2020/6298/2020/96/10.html;Copa Diego Maradona 2020
254;2021-03-14;Fecha 5;Boca;1;River;1;Boca Juniors;L;partido/boca-1-river-1-copa-liga-profesional-2021/6308/2021/97/5.html;Copa Liga Profesional 2021
255;2021-05-16;Cuartos de Final. Partido Único;Boca;1 (4);River;1 (2);Boca Juniors;L;partido/boca-1-4-river-1-2-copa-liga-profesional-2021/6322/2021/97/14.html;Copa Liga Profesional 2021
256;2021-08-04;Octavos de Final. Partido Único;Boca;0 (4);River;0 (1);Ciudad de La Plata;N;partido/boca-0-4-river-0-1-copa-argentina-2021/6332/2021/84/3.html;Copa Argentina 2021
257;2021-10-03;Fecha 14;River;2;Boca;1;River Plate;V;partido/river-2-boca-1-campeonato-2021/6343/2021/1024/14.html;Campeonato 2021
258;2022-03-20;Fecha 7;River;0;Boca;1;River Plate;V;partido/river-0-boca-1-copa-liga-profesional-2022/6369/2022/98/7.html;Copa Liga Profesional 2022
259;2022-09-11;Fecha 18;Boca;1;River;0;Boca Juniors;L;partido/boca-1-river-0-campeonato-2022/6407/2022/1025/18.html;Campeonato 2022
260;2023-05-07;Fecha 15;River;1;Boca;0;River Plate;V;partido/river-1-boca-0-campeonato-2023/6442/2023/1026/15.html;Campeonato 2023
261;2023-10-01;Fecha 7;Boca;0;River;2;Boca Juniors;L;partido/boca-0-river-2-copa-liga-profesional-2023/6471/2023/1700/7.html;Copa Liga Profesional 2023
262;2024-02-25;Fecha 7;River;1;Boca;1;River Plate;V;partido/river-1-boca-1-copa-liga-profesional-2024/6492/2024/1701/7.html;Copa Liga Profesional 2024
